{
  "annotations": {
    "list": [
      {
        "builtIn": 1,
        "datasource": "-- Grafana --",
        "enable": true,
        "hide": true,
        "iconColor": "rgba(0, 211, 255, 1)",
        "name": "Annotations & Alerts",
        "type": "dashboard"
      }
    ]
  },
  "editable": true,
  "gnetId": null,
  "graphTooltip": 0,
  "links": [
    {
      "icon": "external link",
      "tags": [],
      "title": "Eclipse Hono™",
      "tooltip": "",
      "type": "link",
      "url": "https://eclipse.org/hono"
    },
    {
      "asDropdown": true,
      "icon": "external link",
      "tags": [],
      "title": "Dashboards",
      "type": "dashboards"
    }
  ],
  "panels": [
    {
      "content": "<div class=\"text-center dashboard-header\">\n  <span>Telemetry</span>\n</div>",
      "description": "",
      "gridPos": {
        "h": 2,
        "w": 8,
        "x": 0,
        "y": 0
      },
      "id": 8,
      "links": [],
      "mode": "html",
      "title": "",
      "transparent": true,
      "type": "text"
    },
    {
      "content": "<div class=\"text-center dashboard-header\">\n  <span>Events</span>\n</div>",
      "gridPos": {
        "h": 2,
        "w": 8,
        "x": 8,
        "y": 0
      },
      "id": 12,
      "links": [],
      "mode": "html",
      "title": "",
      "transparent": true,
      "type": "text"
    },
    {
      "content": "<div class=\"text-center dashboard-header\">\n  <span>Commands</span>\n</div>",
      "gridPos": {
        "h": 2,
        "w": 8,
        "x": 16,
        "y": 0
      },
      "id": 15,
      "links": [],
      "mode": "html",
      "title": "",
      "transparent": true,
      "type": "text"
    },
    {
      "aliasColors": {},
      "bars": false,
      "dashLength": 10,
      "dashes": false,
      "datasource": "hono_metrics",
      "description": "average rate of telemetry messages received from devices",
      "fill": 1,
      "gridPos": {
        "h": 8,
        "w": 8,
        "x": 0,
        "y": 2
      },
      "id": 2,
      "legend": {
        "avg": false,
        "current": false,
        "max": false,
        "min": false,
        "show": false,
        "total": false,
        "values": false
      },
      "lines": true,
      "linewidth": 1,
      "links": [
        {
          "dashboard": "Message details",
          "includeVars": true,
          "keepTime": true,
          "params": "var-type=telemetry",
          "targetBlank": true,
          "title": "Message details",
          "type": "dashboard",
          "url": "/d/rcEOBABmk/message-details"
        }
      ],
      "nullPointMode": "null",
      "percentage": false,
      "pointradius": 5,
      "points": false,
      "renderer": "flot",
      "seriesOverrides": [
        {
          "alias": "processed",
          "color": "#629e51",
          "zindex": -1
        },
        {
          "alias": "unprocessed",
          "color": "#bf1b00",
          "zindex": 1
        }
      ],
      "spaceLength": 10,
      "stack": true,
      "steppedLine": false,
      "targets": [
        {
          "expr": "sum(irate(hono_messages_received_seconds_count{type=\"telemetry\",status=\"unprocessable\"}[$__range]))",
          "format": "time_series",
          "intervalFactor": 1,
          "legendFormat": "unprocessable",
          "refId": "C"
        },
        {
          "expr": "sum(irate(hono_messages_received_seconds_count{type=\"telemetry\",status=\"undeliverable\"}[$__range]))",
          "format": "time_series",
          "intervalFactor": 1,
          "legendFormat": "undeliverable",
          "refId": "B"
        },
        {
          "expr": "sum(irate(hono_messages_received_seconds_count{type=\"telemetry\",status=\"forwarded\"}[$__range]))",
          "format": "time_series",
          "instant": false,
          "intervalFactor": 1,
          "legendFormat": "forwarded",
          "refId": "A"
        }
      ],
      "thresholds": [],
      "timeFrom": null,
      "timeShift": null,
      "title": "messages",
      "tooltip": {
        "shared": true,
        "sort": 0,
        "value_type": "individual"
      },
      "transparent": false,
      "type": "graph",
      "xaxis": {
        "buckets": null,
        "mode": "time",
        "name": null,
        "show": true,
        "values": []
      },
      "yaxes": [
        {
          "decimals": 0,
          "format": "none",
          "label": "messages/sec",
          "logBase": 1,
          "max": null,
          "min": "0",
          "show": true
        },
        {
          "format": "short",
          "label": null,
          "logBase": 1,
          "max": null,
          "min": null,
          "show": false
        }
      ],
      "yaxis": {
        "align": false,
        "alignLevel": null
      }
    },
    {
      "aliasColors": {},
      "bars": false,
      "dashLength": 10,
      "dashes": false,
      "datasource": "hono_metrics",
      "description": "average rate of events received from devices",
      "fill": 1,
      "gridPos": {
        "h": 8,
        "w": 8,
        "x": 8,
        "y": 2
      },
      "id": 17,
      "legend": {
        "avg": false,
        "current": false,
        "max": false,
        "min": false,
        "show": false,
        "total": false,
        "values": false
      },
      "lines": true,
      "linewidth": 1,
      "links": [
        {
          "dashboard": "Message details",
          "includeVars": true,
          "keepTime": true,
          "params": "type=event",
          "targetBlank": true,
          "title": "Message details",
          "type": "dashboard",
          "url": "/d/rcEOBABmk/message-details"
        }
      ],
      "nullPointMode": "null",
      "percentage": false,
      "pointradius": 5,
      "points": false,
      "renderer": "flot",
      "seriesOverrides": [
        {
          "alias": "processed",
          "color": "#629e51",
          "zindex": -1
        },
        {
          "alias": "unprocessed",
          "color": "#bf1b00",
          "zindex": 1
        }
      ],
      "spaceLength": 10,
      "stack": true,
      "steppedLine": false,
      "targets": [
        {
          "expr": "sum(irate(hono_messages_received_seconds_count{type=\"event\",status=\"unprocessable\"}[$__range]))",
          "format": "time_series",
          "intervalFactor": 1,
          "legendFormat": "unprocessable",
          "refId": "C"
        },
        {
          "expr": "sum(irate(hono_messages_received_seconds_count{type=\"event\",status=\"undeliverable\"}[$__range]))",
          "format": "time_series",
          "intervalFactor": 1,
          "legendFormat": "undeliverable",
          "refId": "B"
        },
        {
          "expr": "sum(irate(hono_messages_received_seconds_count{type=\"event\",status=\"forwarded\"}[$__range]))",
          "format": "time_series",
          "instant": false,
          "intervalFactor": 1,
          "legendFormat": "forwarded",
          "refId": "A"
        }
      ],
      "thresholds": [],
      "timeFrom": null,
      "timeShift": null,
      "title": "messages",
      "tooltip": {
        "shared": true,
        "sort": 0,
        "value_type": "individual"
      },
      "transparent": false,
      "type": "graph",
      "xaxis": {
        "buckets": null,
        "mode": "time",
        "name": null,
        "show": true,
        "values": []
      },
      "yaxes": [
        {
          "decimals": 0,
          "format": "none",
          "label": "messages/sec",
          "logBase": 1,
          "max": null,
          "min": "0",
          "show": true
        },
        {
          "format": "short",
          "label": null,
          "logBase": 1,
          "max": null,
          "min": null,
          "show": false
        }
      ],
      "yaxis": {
        "align": false,
        "alignLevel": null
      }
    },
    {
      "aliasColors": {},
      "bars": false,
      "dashLength": 10,
      "dashes": false,
      "datasource": "hono_metrics",
      "description": "average rate of commands sent to devices",
      "fill": 1,
      "gridPos": {
        "h": 8,
        "w": 8,
        "x": 16,
        "y": 2
      },
      "id": 20,
      "legend": {
        "avg": false,
        "current": false,
        "hideEmpty": false,
        "hideZero": false,
        "max": false,
        "min": false,
        "show": false,
        "total": false,
        "values": false
      },
      "lines": true,
      "linewidth": 1,
      "links": [],
      "nullPointMode": "null",
      "percentage": false,
      "pointradius": 5,
      "points": false,
      "renderer": "flot",
      "seriesOverrides": [],
      "spaceLength": 10,
      "stack": true,
      "steppedLine": false,
      "targets": [
        {
          "expr": "sum(irate(hono_commands_received_seconds_count{direction=~\"one-way|request\",status=\"unprocessable\"}[$__range]))",
          "format": "time_series",
          "interval": "",
          "intervalFactor": 1,
          "legendFormat": "unprocessable",
          "refId": "C"
        },
        {
          "expr": "sum(irate(hono_commands_received_seconds_count{direction=~\"one-way|request\",status=\"undeliverable\"}[$__range]))",
          "format": "time_series",
          "hide": false,
          "interval": "",
          "intervalFactor": 1,
          "legendFormat": "undeliverable",
          "refId": "B"
        },
        {
          "expr": "sum(irate(hono_commands_received_seconds_count{direction=~\"one-way|request\",status=\"forwarded\"}[$__range]))",
          "format": "time_series",
          "instant": false,
          "intervalFactor": 1,
          "legendFormat": "forwarded",
          "refId": "A"
        }
      ],
      "thresholds": [],
      "timeFrom": null,
      "timeShift": null,
      "title": "messages",
      "tooltip": {
        "shared": true,
        "sort": 0,
        "value_type": "individual"
      },
      "transparent": false,
      "type": "graph",
      "xaxis": {
        "buckets": null,
        "mode": "time",
        "name": null,
        "show": true,
        "values": []
      },
      "yaxes": [
        {
          "decimals": 0,
          "format": "none",
          "label": "messages/sec",
          "logBase": 1,
          "max": null,
          "min": "0",
          "show": true
        },
        {
          "decimals": 1,
          "format": "none",
          "label": "bytes/sec",
          "logBase": 10,
          "max": null,
          "min": "0",
          "show": false
        }
      ],
      "yaxis": {
        "align": false,
        "alignLevel": null
      }
    },
    {
      "aliasColors": {},
      "bars": false,
      "dashLength": 10,
      "dashes": false,
      "datasource": "hono_metrics",
      "description": "average rate of data received from devices as payload of telemetry messages",
      "fill": 1,
      "gridPos": {
        "h": 8,
        "w": 8,
        "x": 0,
        "y": 10
      },
      "id": 55,
      "legend": {
        "avg": false,
        "current": false,
        "max": false,
        "min": false,
        "show": false,
        "total": false,
        "values": false
      },
      "lines": true,
      "linewidth": 1,
      "links": [],
      "nullPointMode": "null",
      "percentage": false,
      "pointradius": 5,
      "points": false,
      "renderer": "flot",
      "seriesOverrides": [],
      "spaceLength": 10,
      "stack": true,
      "steppedLine": false,
      "targets": [
        {
          "expr": "sum(irate(hono_messages_payload_bytes_sum{type=\"telemetry\",status=\"unprocessable\"}[$__range]))",
          "format": "time_series",
          "intervalFactor": 1,
          "legendFormat": "unprocessable",
          "refId": "C"
        },
        {
          "expr": "sum(irate(hono_messages_payload_bytes_sum{type=\"telemetry\",status=\"undeliverable\"}[$__range]))",
          "format": "time_series",
          "intervalFactor": 1,
          "legendFormat": "undeliverable",
          "refId": "B"
        },
        {
          "expr": "sum(irate(hono_messages_payload_bytes_sum{type=\"telemetry\",status=\"forwarded\"}[$__range]))",
          "format": "time_series",
          "instant": false,
          "intervalFactor": 1,
          "legendFormat": "forwarded",
          "refId": "A"
        }
      ],
      "thresholds": [],
      "timeFrom": null,
      "timeShift": null,
      "title": "payload",
      "tooltip": {
        "shared": true,
        "sort": 0,
        "value_type": "individual"
      },
      "transparent": false,
      "type": "graph",
      "xaxis": {
        "buckets": null,
        "mode": "time",
        "name": null,
        "show": true,
        "values": []
      },
      "yaxes": [
        {
          "decimals": 0,
          "format": "none",
          "label": "bytes/sec",
          "logBase": 1,
          "max": null,
          "min": "0",
          "show": true
        },
        {
          "format": "short",
          "label": null,
          "logBase": 1,
          "max": null,
          "min": null,
          "show": false
        }
      ],
      "yaxis": {
        "align": false,
        "alignLevel": null
      }
    },
    {
      "aliasColors": {},
      "bars": false,
      "dashLength": 10,
      "dashes": false,
      "datasource": "hono_metrics",
      "description": "average rate of data received from devices as payload of events",
      "fill": 1,
      "gridPos": {
        "h": 8,
        "w": 8,
        "x": 8,
        "y": 10
      },
      "id": 59,
      "legend": {
        "avg": false,
        "current": false,
        "max": false,
        "min": false,
        "show": false,
        "total": false,
        "values": false
      },
      "lines": true,
      "linewidth": 1,
      "links": [],
      "nullPointMode": "null",
      "percentage": false,
      "pointradius": 5,
      "points": false,
      "renderer": "flot",
      "seriesOverrides": [],
      "spaceLength": 10,
      "stack": true,
      "steppedLine": false,
      "targets": [
        {
          "expr": "sum(irate(hono_messages_payload_bytes_sum{type=\"event\",status=\"unprocessable\"}[$__range]))",
          "format": "time_series",
          "intervalFactor": 1,
          "legendFormat": "unprocessable",
          "refId": "C"
        },
        {
          "expr": "sum(irate(hono_messages_payload_bytes_sum{type=\"event\",status=\"undeliverable\"}[$__range]))",
          "format": "time_series",
          "intervalFactor": 1,
          "legendFormat": "undeliverable",
          "refId": "B"
        },
        {
          "expr": "sum(irate(hono_messages_payload_bytes_sum{type=\"event\",status=\"forwarded\"}[$__range]))",
          "format": "time_series",
          "instant": false,
          "intervalFactor": 1,
          "legendFormat": "forwarded",
          "refId": "A"
        }
      ],
      "thresholds": [],
      "timeFrom": null,
      "timeShift": null,
      "title": "payload",
      "tooltip": {
        "shared": true,
        "sort": 0,
        "value_type": "individual"
      },
      "transparent": false,
      "type": "graph",
      "xaxis": {
        "buckets": null,
        "mode": "time",
        "name": null,
        "show": true,
        "values": []
      },
      "yaxes": [
        {
          "decimals": 0,
          "format": "none",
          "label": "bytes/sec",
          "logBase": 1,
          "max": null,
          "min": "0",
          "show": true
        },
        {
          "format": "short",
          "label": null,
          "logBase": 1,
          "max": null,
          "min": null,
          "show": false
        }
      ],
      "yaxis": {
        "align": false,
        "alignLevel": null
      }
    },
    {
      "aliasColors": {},
      "bars": false,
      "dashLength": 10,
      "dashes": false,
      "datasource": "hono_metrics",
      "description": "average rate of data sent to devices as payload of commands",
      "fill": 1,
      "gridPos": {
        "h": 8,
        "w": 8,
        "x": 16,
        "y": 10
      },
      "id": 60,
      "legend": {
        "alignAsTable": false,
        "avg": false,
        "current": false,
        "max": false,
        "min": false,
        "rightSide": false,
        "show": false,
        "total": false,
        "values": false
      },
      "lines": true,
      "linewidth": 1,
      "links": [],
      "nullPointMode": "null",
      "percentage": false,
      "pointradius": 5,
      "points": false,
      "renderer": "flot",
      "seriesOverrides": [],
      "spaceLength": 10,
      "stack": true,
      "steppedLine": false,
      "targets": [
        {
          "expr": "sum(irate(hono_commands_payload_bytes_sum{direction=~\"one-way|request\",status=\"unprocessable\"}[$__range]))",
          "format": "time_series",
          "intervalFactor": 1,
          "legendFormat": "unprocessable",
          "refId": "C"
        },
        {
          "expr": "sum(irate(hono_commands_payload_bytes_sum{direction=~\"one-way|request\",status=\"undeliverable\"}[$__range]))",
          "format": "time_series",
          "intervalFactor": 1,
          "legendFormat": "undeliverable",
          "refId": "B"
        },
        {
          "expr": "sum(irate(hono_commands_payload_bytes_sum{direction=~\"one-way|request\",status=\"forwarded\"}[$__range]))",
          "format": "time_series",
          "instant": false,
          "intervalFactor": 1,
          "legendFormat": "forwarded",
          "refId": "A"
        }
      ],
      "thresholds": [],
      "timeFrom": null,
      "timeShift": null,
      "title": "payload",
      "tooltip": {
        "shared": true,
        "sort": 0,
        "value_type": "individual"
      },
      "transparent": false,
      "type": "graph",
      "xaxis": {
        "buckets": null,
        "mode": "time",
        "name": null,
        "show": true,
        "values": []
      },
      "yaxes": [
        {
          "decimals": 0,
          "format": "none",
          "label": "bytes/sec",
          "logBase": 1,
          "max": null,
          "min": "0",
          "show": true
        },
        {
          "format": "short",
          "label": null,
          "logBase": 1,
          "max": null,
          "min": null,
          "show": false
        }
      ],
      "yaxis": {
        "align": false,
        "alignLevel": null
      }
    },
    {
      "aliasColors": {},
      "bars": false,
      "dashLength": 10,
      "dashes": false,
      "datasource": "hono_metrics",
      "description": "average rate of valid telemetry messages received from devices which could not be delivered downstream",
      "fill": 1,
      "gridPos": {
        "h": 8,
        "w": 8,
        "x": 0,
        "y": 18
      },
      "id": 61,
      "legend": {
        "avg": false,
        "current": false,
        "max": false,
        "min": false,
        "show": false,
        "total": false,
        "values": false
      },
      "lines": true,
      "linewidth": 1,
      "links": [],
      "nullPointMode": "null as zero",
      "percentage": false,
      "pointradius": 5,
      "points": false,
      "renderer": "flot",
      "seriesOverrides": [],
      "spaceLength": 10,
      "stack": true,
      "steppedLine": false,
      "targets": [
        {
          "expr": "(100 * sum(irate(hono_messages_received_seconds_count{type=\"telemetry\",qos=\"0\",status=\"undeliverable\"}[$__range])))\n/\nsum(irate(hono_messages_received_seconds_count{type=\"telemetry\",qos=\"0\"}[$__range]))",
          "format": "time_series",
          "intervalFactor": 1,
          "legendFormat": "QoS 0",
          "refId": "C"
        },
        {
          "expr": "(100 * sum(irate(hono_messages_received_seconds_count{type=\"telemetry\",qos=\"1\",status=\"undeliverable\"}[$__range])))\n/\nsum(irate(hono_messages_received_seconds_count{type=\"telemetry\",qos=\"1\"}[$__range]))",
          "format": "time_series",
          "intervalFactor": 1,
          "legendFormat": "QoS 1",
          "refId": "A"
        }
      ],
      "thresholds": [
        {
          "colorMode": "warning",
          "fill": true,
          "line": true,
          "op": "gt",
          "value": 5,
          "yaxis": "left"
        },
        {
          "colorMode": "critical",
          "fill": true,
          "line": true,
          "op": "gt",
          "value": 15,
          "yaxis": "left"
        }
      ],
      "timeFrom": null,
      "timeShift": null,
      "title": "undeliverable rate",
      "tooltip": {
        "shared": true,
        "sort": 0,
        "value_type": "individual"
      },
      "transparent": false,
      "type": "graph",
      "xaxis": {
        "buckets": null,
        "mode": "time",
        "name": null,
        "show": true,
        "values": []
      },
      "yaxes": [
        {
          "decimals": 0,
          "format": "none",
          "label": "percent",
          "logBase": 10,
          "max": "100",
          "min": "0",
          "show": true
        },
        {
          "format": "short",
          "label": null,
          "logBase": 1,
          "max": null,
          "min": null,
          "show": false
        }
      ],
      "yaxis": {
        "align": false,
        "alignLevel": null
      }
    },
    {
      "aliasColors": {},
      "bars": false,
      "dashLength": 10,
      "dashes": false,
      "datasource": "hono_metrics",
      "description": "average rate of valid events received from devices which could not be delivered downstream",
      "fill": 1,
      "gridPos": {
        "h": 8,
        "w": 8,
        "x": 8,
        "y": 18
      },
      "id": 62,
      "legend": {
        "avg": false,
        "current": false,
        "max": false,
        "min": false,
        "show": false,
        "total": false,
        "values": false
      },
      "lines": true,
      "linewidth": 1,
      "links": [],
      "nullPointMode": "null as zero",
      "percentage": false,
      "pointradius": 5,
      "points": false,
      "renderer": "flot",
      "seriesOverrides": [],
      "spaceLength": 10,
      "stack": false,
      "steppedLine": false,
      "targets": [
        {
          "expr": "(100 * sum(irate(hono_messages_received_seconds_count{type=\"event\",status=\"undeliverable\"}[$__range])))\n/\nsum(irate(hono_messages_received_seconds_count{type=\"event\"}[$__range]))",
          "format": "time_series",
          "intervalFactor": 1,
          "legendFormat": "not forwarded",
          "refId": "C"
        }
      ],
      "thresholds": [
        {
          "colorMode": "warning",
          "fill": true,
          "line": true,
          "op": "gt",
          "value": 1,
          "yaxis": "left"
        },
        {
          "colorMode": "critical",
          "fill": true,
          "line": true,
          "op": "gt",
          "value": 5,
          "yaxis": "left"
        }
      ],
      "timeFrom": null,
      "timeShift": null,
      "title": "undeliverable rate",
      "tooltip": {
        "shared": true,
        "sort": 0,
        "value_type": "individual"
      },
      "transparent": false,
      "type": "graph",
      "xaxis": {
        "buckets": null,
        "mode": "time",
        "name": null,
        "show": true,
        "values": []
      },
      "yaxes": [
        {
          "decimals": 0,
          "format": "none",
          "label": "percent",
          "logBase": 10,
          "max": "100",
          "min": "0",
          "show": true
        },
        {
          "format": "short",
          "label": null,
          "logBase": 1,
          "max": null,
          "min": null,
          "show": false
        }
      ],
      "yaxis": {
        "align": false,
        "alignLevel": null
      }
    },
    {
      "aliasColors": {},
      "bars": false,
      "dashLength": 10,
      "dashes": false,
      "datasource": "hono_metrics",
      "description": "average rate of valid commands received from applications which could not be delivered to devices",
      "fill": 1,
      "gridPos": {
        "h": 8,
        "w": 8,
        "x": 16,
        "y": 18
      },
      "id": 63,
      "legend": {
        "avg": false,
        "current": false,
        "max": false,
        "min": false,
        "show": false,
        "total": false,
        "values": false
      },
      "lines": true,
      "linewidth": 1,
      "links": [],
      "nullPointMode": "null as zero",
      "percentage": false,
      "pointradius": 5,
      "points": false,
      "renderer": "flot",
      "seriesOverrides": [],
      "spaceLength": 10,
      "stack": false,
      "steppedLine": false,
      "targets": [
        {
          "expr": "(100 * sum(irate(hono_commands_received_seconds_count{direction=~\"one-way|request\",status=\"undeliverable\"}[$__range])))\n/\nsum(irate(hono_commands_received_seconds_count{direction=\"one-way|request\"}[$__range]))",
          "format": "time_series",
          "intervalFactor": 1,
          "legendFormat": "not forwarded",
          "refId": "C"
        }
      ],
      "thresholds": [
        {
          "colorMode": "warning",
          "fill": true,
          "line": true,
          "op": "gt",
          "value": 5,
          "yaxis": "left"
        },
        {
          "colorMode": "critical",
          "fill": true,
          "line": true,
          "op": "gt",
          "value": 15,
          "yaxis": "left"
        }
      ],
      "timeFrom": null,
      "timeShift": null,
      "title": "undeliverable rate",
      "tooltip": {
        "shared": true,
        "sort": 0,
        "value_type": "individual"
      },
      "transparent": false,
      "type": "graph",
      "xaxis": {
        "buckets": null,
        "mode": "time",
        "name": null,
        "show": true,
        "values": []
      },
      "yaxes": [
        {
          "decimals": 0,
          "format": "none",
          "label": "percent",
          "logBase": 10,
          "max": "100",
          "min": "0",
          "show": true
        },
        {
          "format": "short",
          "label": null,
          "logBase": 1,
          "max": null,
          "min": null,
          "show": false
        }
      ],
      "yaxis": {
        "align": false,
        "alignLevel": null
      }
    },
    {
      "columns": [],
      "datasource": "hono_metrics",
      "description": "The number of containers running for each service.",
      "fontSize": "100%",
      "gridPos": {
        "h": 5,
        "w": 8,
        "x": 0,
        "y": 26
      },
      "id": 65,
      "links": [],
      "pageSize": null,
      "scroll": true,
      "showHeader": true,
      "sort": {
        "col": 1,
        "desc": true
      },
      "styles": [
        {
          "alias": "Service",
          "colorMode": null,
          "colors": [
            "rgba(245, 54, 54, 0.9)",
            "rgba(237, 129, 40, 0.89)",
            "rgba(50, 172, 45, 0.97)"
          ],
          "dateFormat": "YYYY-MM-DD HH:mm:ss",
          "decimals": 2,
          "mappingType": 1,
          "pattern": "job",
          "thresholds": [],
          "type": "string",
          "unit": "short"
        },
        {
          "alias": "Count",
          "colorMode": null,
          "colors": [
            "rgba(245, 54, 54, 0.9)",
            "rgba(237, 129, 40, 0.89)",
            "rgba(50, 172, 45, 0.97)"
          ],
          "decimals": 0,
          "pattern": "Value",
          "thresholds": [],
          "type": "number",
          "unit": "short"
        },
        {
          "alias": "",
          "colorMode": null,
          "colors": [
            "rgba(245, 54, 54, 0.9)",
            "rgba(237, 129, 40, 0.89)",
            "rgba(50, 172, 45, 0.97)"
          ],
          "dateFormat": "YYYY-MM-DD HH:mm:ss",
          "decimals": 2,
          "mappingType": 1,
          "pattern": "Time",
          "thresholds": [],
          "type": "date",
          "unit": "short"
        }
      ],
      "targets": [
        {
          "expr": "sum(up) by (job)",
          "format": "table",
          "instant": true,
          "intervalFactor": 1,
          "refId": "A"
        }
      ],
      "title": "Service Instances",
      "transform": "table",
      "type": "table"
    }
  ],
  "refresh": "10s",
  "schemaVersion": 16,
  "style": "dark",
  "tags": [],
  "templating": {
    "list": []
  },
  "time": {
    "from": "now-5m",
    "to": "now"
  },
  "timepicker": {
    "refresh_intervals": [
      "5s",
      "10s",
      "30s",
      "1m",
      "5m",
      "15m",
      "30m",
      "1h",
      "2h",
      "1d"
    ],
    "time_options": [
      "5m",
      "15m",
      "1h",
      "6h",
      "12h",
      "24h",
      "2d",
      "7d",
      "30d"
    ]
  },
  "timezone": "browser",
  "title": "Overview",
  "uid": "QpiDB0Bmz",
  "version": 1
}
