{
  "meta": {
    "isStarred": true,
    "type": "db",
    "canSave": true,
    "canEdit": true,
    "canStar": true,
    "slug": "hono",
    "expires": "0001-01-01T00:00:00Z",
    "created": "2017-09-27T09:35:24Z",
    "updated": "2017-09-28T11:32:42Z",
    "updatedBy": "admin",
    "createdBy": "admin",
    "version": 8
  },
  "dashboard": {
    "annotations": {
      "list": []
    },
    "editable": false,
    "gnetId": null,
    "graphTooltip": 0,
    "hideControls": false,
    "id": null,
    "links": [
      {
        "icon": "external link",
        "tags": [],
        "title": "Eclipse Hono",
        "type": "link",
        "url": "https://www.eclipse.org/hono/"
      }
    ],
    "refresh": "5s",
    "rows": [
      {
        "collapse": false,
        "height": 73,
        "panels": [
          {
            "content": "\u003ch1 style=\"color:black; background-color:#555555; padding:5px\"\u003e\u003ccenter\u003eMessaging - Telemetry\u003c/center\u003e\u003c/h1\u003e",
            "id": 24,
            "links": [],
            "mode": "html",
            "span": 6,
            "title": "",
            "transparent": false,
            "type": "text"
          },
          {
            "content": "\u003ch1 style=\"color:black; background-color:#555555; padding:5px\"\u003e\u003ccenter\u003eMessaging - Events\u003c/center\u003e\u003c/h1\u003e",
            "id": 25,
            "links": [],
            "mode": "html",
            "span": 6,
            "title": "",
            "type": "text"
          }
        ],
        "repeat": null,
        "repeatIteration": null,
        "repeatRowId": null,
        "showTitle": false,
        "title": "Dashboard Row",
        "titleSize": "h6"
      },
      {
        "collapse": false,
        "height": -438,
        "panels": [
          {
            "cacheTimeout": null,
            "colorBackground": false,
            "colorValue": false,
            "colors": [
              "rgba(245, 54, 54, 0.9)",
              "rgba(237, 129, 40, 0.89)",
              "rgba(50, 172, 45, 0.97)"
            ],
            "datasource": "hono_data",
            "format": "none",
            "gauge": {
              "maxValue": 100,
              "minValue": 0,
              "show": false,
              "thresholdLabels": false,
              "thresholdMarkers": true
            },
            "id": 40,
            "interval": null,
            "links": [],
            "mappingType": 1,
            "mappingTypes": [
              {
                "name": "value to text",
                "value": 1
              },
              {
                "name": "range to text",
                "value": 2
              }
            ],
            "maxDataPoints": 100,
            "nullPointMode": "connected",
            "nullText": null,
            "postfix": "",
            "postfixFontSize": "50%",
            "prefix": "",
            "prefixFontSize": "50%",
            "rangeMaps": [
              {
                "from": "null",
                "text": "N/A",
                "to": "null"
              }
            ],
            "repeat": null,
            "span": 2,
            "sparkline": {
              "fillColor": "rgba(31, 118, 189, 0.18)",
              "full": false,
              "lineColor": "rgb(31, 120, 193)",
              "show": false
            },
            "targets": [
              {
                "dsType": "influxdb",
                "groupBy": [
                  {
                    "params": [
                      "$__interval"
                    ],
                    "type": "time"
                  },
                  {
                    "params": [
                      "null"
                    ],
                    "type": "fill"
                  }
                ],
                "policy": "default",
                "query": "select count(\"count\") from (SELECT count(value) FROM \"meter.hono.messaging.messages.processed.m1_rate\" where time \u003e now() - 11s group by host)",
                "rawQuery": true,
                "refId": "A",
                "resultFormat": "time_series",
                "select": [
                  [
                    {
                      "params": [
                        "value"
                      ],
                      "type": "field"
                    },
                    {
                      "params": [],
                      "type": "mean"
                    }
                  ]
                ],
                "tags": []
              }
            ],
            "thresholds": "",
            "title": "Messaging Instances",
            "type": "singlestat",
            "valueFontSize": "80%",
            "valueMaps": [
              {
                "op": "=",
                "text": "N/A",
                "value": "null"
              }
            ],
            "valueName": "avg"
          },
          {
            "cacheTimeout": null,
            "colorBackground": false,
            "colorValue": false,
            "colors": [
              "rgba(245, 54, 54, 0.9)",
              "rgba(237, 129, 40, 0.89)",
              "rgba(50, 172, 45, 0.97)"
            ],
            "datasource": "hono_data",
            "format": "none",
            "gauge": {
              "maxValue": 100,
              "minValue": 0,
              "show": false,
              "thresholdLabels": false,
              "thresholdMarkers": true
            },
            "id": 44,
            "interval": null,
            "links": [],
            "mappingType": 1,
            "mappingTypes": [
              {
                "name": "value to text",
                "value": 1
              },
              {
                "name": "range to text",
                "value": 2
              }
            ],
            "maxDataPoints": 100,
            "nullPointMode": "connected",
            "nullText": null,
            "postfix": "",
            "postfixFontSize": "50%",
            "prefix": "",
            "prefixFontSize": "50%",
            "rangeMaps": [
              {
                "from": "null",
                "text": "N/A",
                "to": "null"
              }
            ],
            "span": 4,
            "sparkline": {
              "fillColor": "rgba(31, 118, 189, 0.18)",
              "full": false,
              "lineColor": "rgb(31, 120, 193)",
              "show": false
            },
            "targets": [
              {
                "dsType": "influxdb",
                "groupBy": [
                  {
                    "params": [
                      "$__interval"
                    ],
                    "type": "time"
                  },
                  {
                    "params": [
                      "null"
                    ],
                    "type": "fill"
                  }
                ],
                "policy": "default",
                "query": "select sum(*) from ( select last(value) from \"meter.hono.messaging.messages.processed.m1_rate\" where tenant = '$TENANT' and type = 'telemetry' group by host ) where $timeFilter",
                "rawQuery": true,
                "refId": "A",
                "resultFormat": "time_series",
                "select": [
                  [
                    {
                      "params": [
                        "value"
                      ],
                      "type": "field"
                    },
                    {
                      "params": [],
                      "type": "mean"
                    }
                  ]
                ],
                "tags": []
              }
            ],
            "thresholds": "",
            "title": "Total Processed Telemetry Per Sec (Ø/min)",
            "type": "singlestat",
            "valueFontSize": "80%",
            "valueMaps": [
              {
                "op": "=",
                "text": "N/A",
                "value": "null"
              }
            ],
            "valueName": "avg"
          },
          {
            "cacheTimeout": null,
            "colorBackground": false,
            "colorValue": false,
            "colors": [
              "rgba(245, 54, 54, 0.9)",
              "rgba(237, 129, 40, 0.89)",
              "rgba(50, 172, 45, 0.97)"
            ],
            "datasource": "hono_data",
            "format": "none",
            "gauge": {
              "maxValue": 100,
              "minValue": 0,
              "show": false,
              "thresholdLabels": false,
              "thresholdMarkers": true
            },
            "id": 46,
            "interval": null,
            "links": [],
            "mappingType": 1,
            "mappingTypes": [
              {
                "name": "value to text",
                "value": 1
              },
              {
                "name": "range to text",
                "value": 2
              }
            ],
            "maxDataPoints": 100,
            "nullPointMode": "connected",
            "nullText": null,
            "postfix": "",
            "postfixFontSize": "50%",
            "prefix": "",
            "prefixFontSize": "50%",
            "rangeMaps": [
              {
                "from": "null",
                "text": "N/A",
                "to": "null"
              }
            ],
            "span": 6,
            "sparkline": {
              "fillColor": "rgba(31, 118, 189, 0.18)",
              "full": false,
              "lineColor": "rgb(31, 120, 193)",
              "show": false
            },
            "targets": [
              {
                "dsType": "influxdb",
                "groupBy": [
                  {
                    "params": [
                      "$__interval"
                    ],
                    "type": "time"
                  },
                  {
                    "params": [
                      "null"
                    ],
                    "type": "fill"
                  }
                ],
                "policy": "default",
                "query": "select sum(*) from ( select last(value) from \"meter.hono.messaging.messages.processed.m1_rate\" where tenant = '$TENANT' and type = 'event' group by host ) where $timeFilter",
                "rawQuery": true,
                "refId": "A",
                "resultFormat": "time_series",
                "select": [
                  [
                    {
                      "params": [
                        "value"
                      ],
                      "type": "field"
                    },
                    {
                      "params": [],
                      "type": "mean"
                    }
                  ]
                ],
                "tags": []
              }
            ],
            "thresholds": "",
            "title": "Total Processed Events Per Sec (Ø/min)",
            "type": "singlestat",
            "valueFontSize": "80%",
            "valueMaps": [
              {
                "op": "=",
                "text": "N/A",
                "value": "null"
              }
            ],
            "valueName": "avg"
          }
        ],
        "repeat": null,
        "repeatIteration": null,
        "repeatRowId": null,
        "showTitle": false,
        "title": "Dashboard Row",
        "titleSize": "h6"
      },
      {
        "collapse": false,
        "height": 388,
        "panels": [
          {
            "aliasColors": {},
            "bars": false,
            "datasource": "hono_data",
            "fill": 1,
            "id": 12,
            "interval": "\u003e5s",
            "legend": {
              "avg": false,
              "current": false,
              "max": false,
              "min": false,
              "show": true,
              "total": false,
              "values": false
            },
            "lines": true,
            "linewidth": 1,
            "links": [],
            "nullPointMode": "null",
            "percentage": false,
            "pointradius": 5,
            "points": false,
            "renderer": "flot",
            "seriesOverrides": [],
            "span": 6,
            "stack": false,
            "steppedLine": false,
            "targets": [
              {
                "alias": "",
                "dsType": "influxdb",
                "groupBy": [
                  {
                    "params": [
                      "$__interval"
                    ],
                    "type": "time"
                  },
                  {
                    "params": [
                      "null"
                    ],
                    "type": "fill"
                  }
                ],
                "hide": false,
                "measurement": "/meter.hono.server.messages.*.processed.m1_rate/",
                "policy": "default",
                "query": "SELECT mean(value) FROM \"meter.hono.messaging.messages.processed.m1_rate\" WHERE $timeFilter and type = 'telemetry' and  tenant = '$TENANT' GROUP BY host, time($__interval) fill(null)",
                "rawQuery": true,
                "refId": "B",
                "resultFormat": "time_series",
                "select": [
                  [
                    {
                      "params": [
                        "value"
                      ],
                      "type": "field"
                    },
                    {
                      "params": [],
                      "type": "mean"
                    }
                  ]
                ],
                "tags": []
              }
            ],
            "thresholds": [],
            "timeFrom": null,
            "timeShift": null,
            "title": "Processed Telemetry Per Second (Ø/min)",
            "tooltip": {
              "shared": true,
              "sort": 0,
              "value_type": "individual"
            },
            "type": "graph",
            "xaxis": {
              "mode": "time",
              "name": null,
              "show": true,
              "values": []
            },
            "yaxes": [
              {
                "format": "short",
                "label": null,
                "logBase": 1,
                "max": null,
                "min": "0",
                "show": true
              },
              {
                "format": "short",
                "label": null,
                "logBase": 1,
                "max": null,
                "min": null,
                "show": true
              }
            ]
          },
          {
            "aliasColors": {},
            "bars": false,
            "datasource": "hono_data",
            "fill": 1,
            "id": 20,
            "interval": "\u003e5s",
            "legend": {
              "avg": false,
              "current": false,
              "max": false,
              "min": false,
              "show": true,
              "total": false,
              "values": false
            },
            "lines": true,
            "linewidth": 1,
            "links": [],
            "nullPointMode": "null",
            "percentage": false,
            "pointradius": 5,
            "points": false,
            "renderer": "flot",
            "seriesOverrides": [],
            "span": 6,
            "stack": false,
            "steppedLine": false,
            "targets": [
              {
                "alias": "",
                "dsType": "influxdb",
                "groupBy": [
                  {
                    "params": [
                      "$__interval"
                    ],
                    "type": "time"
                  },
                  {
                    "params": [
                      "null"
                    ],
                    "type": "fill"
                  }
                ],
                "hide": false,
                "measurement": "/meter.hono.server.messages.*.processed.m1_rate/",
                "policy": "default",
                "query": "SELECT mean(value) FROM \"meter.hono.messaging.messages.processed.m1_rate\" WHERE $timeFilter and type = 'event' and  tenant = '$TENANT' GROUP BY host, time($__interval) fill(null)",
                "rawQuery": true,
                "refId": "B",
                "resultFormat": "time_series",
                "select": [
                  [
                    {
                      "params": [
                        "value"
                      ],
                      "type": "field"
                    },
                    {
                      "params": [],
                      "type": "mean"
                    }
                  ]
                ],
                "tags": []
              }
            ],
            "thresholds": [],
            "timeFrom": null,
            "timeShift": null,
            "title": "Processed Events Per Second (Ø/min)",
            "tooltip": {
              "shared": true,
              "sort": 0,
              "value_type": "individual"
            },
            "type": "graph",
            "xaxis": {
              "mode": "time",
              "name": null,
              "show": true,
              "values": []
            },
            "yaxes": [
              {
                "format": "short",
                "label": null,
                "logBase": 1,
                "max": null,
                "min": "0",
                "show": true
              },
              {
                "format": "short",
                "label": null,
                "logBase": 1,
                "max": null,
                "min": null,
                "show": true
              }
            ]
          }
        ],
        "repeat": null,
        "repeatIteration": null,
        "repeatRowId": null,
        "showTitle": false,
        "title": "Dashboard Row",
        "titleSize": "h6"
      },
      {
        "collapse": false,
        "height": 73,
        "panels": [
          {
            "cacheTimeout": null,
            "colorBackground": false,
            "colorValue": false,
            "colors": [
              "rgba(245, 54, 54, 0.9)",
              "rgba(237, 129, 40, 0.89)",
              "rgba(50, 172, 45, 0.97)"
            ],
            "datasource": "hono_data",
            "format": "none",
            "gauge": {
              "maxValue": 100,
              "minValue": 0,
              "show": false,
              "thresholdLabels": false,
              "thresholdMarkers": true
            },
            "id": 14,
            "interval": null,
            "links": [],
            "mappingType": 1,
            "mappingTypes": [
              {
                "name": "value to text",
                "value": 1
              },
              {
                "name": "range to text",
                "value": 2
              }
            ],
            "maxDataPoints": 100,
            "nullPointMode": "connected",
            "nullText": null,
            "postfix": "",
            "postfixFontSize": "50%",
            "prefix": "",
            "prefixFontSize": "50%",
            "rangeMaps": [
              {
                "from": "null",
                "text": "N/A",
                "to": "null"
              }
            ],
            "span": 3,
            "sparkline": {
              "fillColor": "rgba(31, 118, 189, 0.18)",
              "full": false,
              "lineColor": "rgb(31, 120, 193)",
              "show": false
            },
            "targets": [
              {
                "dsType": "influxdb",
                "groupBy": [],
                "measurement": "meter.hono.server.messages.telemetry/DEFAULT_TENANT.processed.count",
                "policy": "default",
                "query": "select sum(*) from (select last(value) from \"meter.hono.messaging.messages.processed.count\" where tenant = '$TENANT' and type = 'telemetry' group by host ) where $timeFilter",
                "rawQuery": true,
                "refId": "A",
                "resultFormat": "time_series",
                "select": [
                  [
                    {
                      "params": [
                        "value"
                      ],
                      "type": "field"
                    },
                    {
                      "params": [],
                      "type": "last"
                    }
                  ]
                ],
                "tags": []
              }
            ],
            "thresholds": "",
            "title": "Processed Telemetry",
            "type": "singlestat",
            "valueFontSize": "80%",
            "valueMaps": [
              {
                "op": "=",
                "text": "0",
                "value": "null"
              }
            ],
            "valueName": "avg"
          },
          {
            "cacheTimeout": null,
            "colorBackground": false,
            "colorValue": false,
            "colors": [
              "rgba(245, 54, 54, 0.9)",
              "rgba(237, 129, 40, 0.89)",
              "rgba(50, 172, 45, 0.97)"
            ],
            "datasource": "hono_data",
            "format": "none",
            "gauge": {
              "maxValue": 100,
              "minValue": 0,
              "show": false,
              "thresholdLabels": false,
              "thresholdMarkers": true
            },
            "id": 15,
            "interval": null,
            "links": [],
            "mappingType": 1,
            "mappingTypes": [
              {
                "name": "value to text",
                "value": 1
              },
              {
                "name": "range to text",
                "value": 2
              }
            ],
            "maxDataPoints": 100,
            "nullPointMode": "connected",
            "nullText": null,
            "postfix": "",
            "postfixFontSize": "50%",
            "prefix": "",
            "prefixFontSize": "50%",
            "rangeMaps": [
              {
                "from": "null",
                "text": "N/A",
                "to": "null"
              }
            ],
            "span": 3,
            "sparkline": {
              "fillColor": "rgba(31, 118, 189, 0.18)",
              "full": false,
              "lineColor": "rgb(31, 120, 193)",
              "show": false
            },
            "targets": [
              {
                "dsType": "influxdb",
                "groupBy": [],
                "measurement": "meter.hono.server.messages.telemetry/DEFAULT_TENANT.discarded.count",
                "policy": "default",
                "query": "select sum(*) from ( select last(value) from \"counter.hono.messaging.messages.discarded.count\" where tenant = 'DEFAULT_TENANT' group by host ) where $timeFilter",
                "rawQuery": true,
                "refId": "A",
                "resultFormat": "time_series",
                "select": [
                  [
                    {
                      "params": [
                        "value"
                      ],
                      "type": "field"
                    }
                  ]
                ],
                "tags": []
              }
            ],
            "thresholds": "",
            "title": "Discarded Telemetry",
            "type": "singlestat",
            "valueFontSize": "80%",
            "valueMaps": [
              {
                "op": "=",
                "text": "0",
                "value": "null"
              }
            ],
            "valueName": "avg"
          },
          {
            "cacheTimeout": null,
            "colorBackground": false,
            "colorValue": false,
            "colors": [
              "rgba(245, 54, 54, 0.9)",
              "rgba(237, 129, 40, 0.89)",
              "rgba(50, 172, 45, 0.97)"
            ],
            "datasource": "hono_data",
            "format": "none",
            "gauge": {
              "maxValue": 100,
              "minValue": 0,
              "show": false,
              "thresholdLabels": false,
              "thresholdMarkers": true
            },
            "id": 19,
            "interval": null,
            "links": [],
            "mappingType": 1,
            "mappingTypes": [
              {
                "name": "value to text",
                "value": 1
              },
              {
                "name": "range to text",
                "value": 2
              }
            ],
            "maxDataPoints": 100,
            "nullPointMode": "connected",
            "nullText": null,
            "postfix": "",
            "postfixFontSize": "50%",
            "prefix": "",
            "prefixFontSize": "50%",
            "rangeMaps": [
              {
                "from": "null",
                "text": "N/A",
                "to": "null"
              }
            ],
            "span": 3,
            "sparkline": {
              "fillColor": "rgba(31, 118, 189, 0.18)",
              "full": false,
              "lineColor": "rgb(31, 120, 193)",
              "show": false
            },
            "targets": [
              {
                "dsType": "influxdb",
                "groupBy": [],
                "measurement": "meter.hono.server.messages.telemetry/DEFAULT_TENANT.processed.count",
                "policy": "default",
                "query": "select sum(*) from ( select last(value) from \"meter.hono.messaging.messages.processed.count\" where tenant = '$TENANT' and type = 'event' group by host ) where $timeFilter",
                "rawQuery": true,
                "refId": "A",
                "resultFormat": "time_series",
                "select": [
                  [
                    {
                      "params": [
                        "value"
                      ],
                      "type": "field"
                    },
                    {
                      "params": [],
                      "type": "last"
                    }
                  ]
                ],
                "tags": []
              }
            ],
            "thresholds": "",
            "title": "Processed Events",
            "type": "singlestat",
            "valueFontSize": "80%",
            "valueMaps": [
              {
                "op": "=",
                "text": "0",
                "value": "null"
              }
            ],
            "valueName": "avg"
          },
          {
            "cacheTimeout": null,
            "colorBackground": false,
            "colorValue": false,
            "colors": [
              "rgba(245, 54, 54, 0.9)",
              "rgba(237, 129, 40, 0.89)",
              "rgba(50, 172, 45, 0.97)"
            ],
            "datasource": "hono_data",
            "format": "none",
            "gauge": {
              "maxValue": 100,
              "minValue": 0,
              "show": false,
              "thresholdLabels": false,
              "thresholdMarkers": true
            },
            "id": 17,
            "interval": null,
            "links": [],
            "mappingType": 1,
            "mappingTypes": [
              {
                "name": "value to text",
                "value": 1
              },
              {
                "name": "range to text",
                "value": 2
              }
            ],
            "maxDataPoints": 100,
            "nullPointMode": "connected",
            "nullText": null,
            "postfix": "",
            "postfixFontSize": "50%",
            "prefix": "",
            "prefixFontSize": "50%",
            "rangeMaps": [
              {
                "from": "null",
                "text": "N/A",
                "to": "null"
              }
            ],
            "span": 3,
            "sparkline": {
              "fillColor": "rgba(31, 118, 189, 0.18)",
              "full": false,
              "lineColor": "rgb(31, 120, 193)",
              "show": false
            },
            "targets": [
              {
                "dsType": "influxdb",
                "groupBy": [],
                "measurement": "meter.hono.server.messages.telemetry/DEFAULT_TENANT.discarded.count",
                "policy": "default",
                "query": "select sum(*) from ( select last(value) from \"counter.hono.messaging.messages.undeliverable.count\" where tenant = 'DEFAULT_TENANT' group by host ) where $timeFilter",
                "rawQuery": true,
                "refId": "A",
                "resultFormat": "time_series",
                "select": [
                  [
                    {
                      "params": [
                        "value"
                      ],
                      "type": "field"
                    }
                  ]
                ],
                "tags": []
              }
            ],
            "thresholds": "",
            "title": "Undeliverable Events",
            "type": "singlestat",
            "valueFontSize": "80%",
            "valueMaps": [
              {
                "op": "=",
                "text": "0",
                "value": "null"
              }
            ],
            "valueName": "avg"
          }
        ],
        "repeat": null,
        "repeatIteration": null,
        "repeatRowId": null,
        "showTitle": false,
        "title": "Dashboard Row",
        "titleSize": "h6"
      },
      {
        "collapse": false,
        "height": 36,
        "panels": [
          {
            "content": "\u003ch1 style=\"color:black; background-color:#555555; padding:5px\"\u003e\u003ccenter\u003eMQTT Adapter\u003c/center\u003e\u003c/h1\u003e",
            "id": 26,
            "links": [],
            "mode": "html",
            "span": 6,
            "title": "",
            "type": "text"
          },
          {
            "content": "\u003ch1 style=\"color:black; background-color:#555555; padding:5px\"\u003e\u003ccenter\u003eHTTP Adapter\u003c/center\u003e\u003c/h1\u003e",
            "id": 27,
            "links": [],
            "mode": "html",
            "span": 6,
            "title": "",
            "type": "text"
          }
        ],
        "repeat": null,
        "repeatIteration": null,
        "repeatRowId": null,
        "showTitle": false,
        "title": "Dashboard Row",
        "titleSize": "h6"
      },
      {
        "collapse": false,
        "height": -34,
        "panels": [
          {
            "cacheTimeout": null,
            "colorBackground": false,
            "colorValue": false,
            "colors": [
              "rgba(245, 54, 54, 0.9)",
              "rgba(237, 129, 40, 0.89)",
              "rgba(50, 172, 45, 0.97)"
            ],
            "datasource": "hono_data",
            "format": "none",
            "gauge": {
              "maxValue": 100,
              "minValue": 0,
              "show": false,
              "thresholdLabels": false,
              "thresholdMarkers": true
            },
            "id": 41,
            "interval": null,
            "links": [],
            "mappingType": 1,
            "mappingTypes": [
              {
                "name": "value to text",
                "value": 1
              },
              {
                "name": "range to text",
                "value": 2
              }
            ],
            "maxDataPoints": 100,
            "nullPointMode": "connected",
            "nullText": null,
            "postfix": "",
            "postfixFontSize": "50%",
            "prefix": "",
            "prefixFontSize": "50%",
            "rangeMaps": [
              {
                "from": "null",
                "text": "N/A",
                "to": "null"
              }
            ],
            "span": 2,
            "sparkline": {
              "fillColor": "rgba(31, 118, 189, 0.18)",
              "full": false,
              "lineColor": "rgb(31, 120, 193)",
              "show": false
            },
            "targets": [
              {
                "dsType": "influxdb",
                "groupBy": [
                  {
                    "params": [
                      "$__interval"
                    ],
                    "type": "time"
                  },
                  {
                    "params": [
                      "null"
                    ],
                    "type": "fill"
                  }
                ],
                "policy": "default",
                "query": "select count(\"count\") from (SELECT count(value) FROM \"meter.hono.mqtt.messages.processed.count\" where time \u003e now() - 11s group by host)",
                "rawQuery": true,
                "refId": "A",
                "resultFormat": "time_series",
                "select": [
                  [
                    {
                      "params": [
                        "value"
                      ],
                      "type": "field"
                    },
                    {
                      "params": [],
                      "type": "mean"
                    }
                  ]
                ],
                "tags": []
              }
            ],
            "thresholds": "",
            "title": "MQTT Adapter Instances",
            "type": "singlestat",
            "valueFontSize": "80%",
            "valueMaps": [
              {
                "op": "=",
                "text": "N/A",
                "value": "null"
              }
            ],
            "valueName": "avg"
          },
          {
            "cacheTimeout": null,
            "colorBackground": false,
            "colorValue": false,
            "colors": [
              "rgba(245, 54, 54, 0.9)",
              "rgba(237, 129, 40, 0.89)",
              "rgba(50, 172, 45, 0.97)"
            ],
            "datasource": "hono_data",
            "format": "none",
            "gauge": {
              "maxValue": 100,
              "minValue": 0,
              "show": false,
              "thresholdLabels": false,
              "thresholdMarkers": true
            },
            "id": 43,
            "interval": null,
            "links": [],
            "mappingType": 1,
            "mappingTypes": [
              {
                "name": "value to text",
                "value": 1
              },
              {
                "name": "range to text",
                "value": 2
              }
            ],
            "maxDataPoints": 100,
            "nullPointMode": "connected",
            "nullText": null,
            "postfix": "",
            "postfixFontSize": "50%",
            "prefix": "",
            "prefixFontSize": "50%",
            "rangeMaps": [
              {
                "from": "null",
                "text": "N/A",
                "to": "null"
              }
            ],
            "span": 2,
            "sparkline": {
              "fillColor": "rgba(31, 118, 189, 0.18)",
              "full": false,
              "lineColor": "rgb(31, 120, 193)",
              "show": false
            },
            "targets": [
              {
                "dsType": "influxdb",
                "groupBy": [
                  {
                    "params": [
                      "$__interval"
                    ],
                    "type": "time"
                  },
                  {
                    "params": [
                      "null"
                    ],
                    "type": "fill"
                  }
                ],
                "policy": "default",
                "query": "select sum(*) from ( select last(value) from \"meter.hono.mqtt.messages.processed.m1_rate\" where tenant = '$TENANT' and type = 'telemetry' group by host ) where $timeFilter",
                "rawQuery": true,
                "refId": "A",
                "resultFormat": "time_series",
                "select": [
                  [
                    {
                      "params": [
                        "value"
                      ],
                      "type": "field"
                    },
                    {
                      "params": [],
                      "type": "mean"
                    }
                  ]
                ],
                "tags": []
              }
            ],
            "thresholds": "",
            "title": "Total Processed Telemetry Per Sec (Ø/min)",
            "type": "singlestat",
            "valueFontSize": "80%",
            "valueMaps": [
              {
                "op": "=",
                "text": "N/A",
                "value": "null"
              }
            ],
            "valueName": "avg"
          },
          {
            "cacheTimeout": null,
            "colorBackground": false,
            "colorValue": false,
            "colors": [
              "rgba(245, 54, 54, 0.9)",
              "rgba(237, 129, 40, 0.89)",
              "rgba(50, 172, 45, 0.97)"
            ],
            "datasource": "hono_data",
            "format": "none",
            "gauge": {
              "maxValue": 100,
              "minValue": 0,
              "show": false,
              "thresholdLabels": false,
              "thresholdMarkers": true
            },
            "id": 47,
            "interval": null,
            "links": [],
            "mappingType": 1,
            "mappingTypes": [
              {
                "name": "value to text",
                "value": 1
              },
              {
                "name": "range to text",
                "value": 2
              }
            ],
            "maxDataPoints": 100,
            "nullPointMode": "connected",
            "nullText": null,
            "postfix": "",
            "postfixFontSize": "50%",
            "prefix": "",
            "prefixFontSize": "50%",
            "rangeMaps": [
              {
                "from": "null",
                "text": "N/A",
                "to": "null"
              }
            ],
            "span": 2,
            "sparkline": {
              "fillColor": "rgba(31, 118, 189, 0.18)",
              "full": false,
              "lineColor": "rgb(31, 120, 193)",
              "show": false
            },
            "targets": [
              {
                "dsType": "influxdb",
                "groupBy": [
                  {
                    "params": [
                      "$__interval"
                    ],
                    "type": "time"
                  },
                  {
                    "params": [
                      "null"
                    ],
                    "type": "fill"
                  }
                ],
                "policy": "default",
                "query": "select sum(*) from ( select last(value) from \"meter.hono.mqtt.messages.processed.m1_rate\" where tenant = '$TENANT' and type = 'event' group by host ) where $timeFilter",
                "rawQuery": true,
                "refId": "A",
                "resultFormat": "time_series",
                "select": [
                  [
                    {
                      "params": [
                        "value"
                      ],
                      "type": "field"
                    },
                    {
                      "params": [],
                      "type": "mean"
                    }
                  ]
                ],
                "tags": []
              }
            ],
            "thresholds": "",
            "title": "Total Processed Events Per Sec (Ø/min)",
            "type": "singlestat",
            "valueFontSize": "80%",
            "valueMaps": [
              {
                "op": "=",
                "text": "N/A",
                "value": "null"
              }
            ],
            "valueName": "avg"
          },
          {
            "cacheTimeout": null,
            "colorBackground": false,
            "colorValue": false,
            "colors": [
              "rgba(245, 54, 54, 0.9)",
              "rgba(237, 129, 40, 0.89)",
              "rgba(50, 172, 45, 0.97)"
            ],
            "datasource": "hono_data",
            "format": "none",
            "gauge": {
              "maxValue": 100,
              "minValue": 0,
              "show": false,
              "thresholdLabels": false,
              "thresholdMarkers": true
            },
            "id": 42,
            "interval": null,
            "links": [],
            "mappingType": 1,
            "mappingTypes": [
              {
                "name": "value to text",
                "value": 1
              },
              {
                "name": "range to text",
                "value": 2
              }
            ],
            "maxDataPoints": 100,
            "nullPointMode": "connected",
            "nullText": null,
            "postfix": "",
            "postfixFontSize": "50%",
            "prefix": "",
            "prefixFontSize": "50%",
            "rangeMaps": [
              {
                "from": "null",
                "text": "N/A",
                "to": "null"
              }
            ],
            "span": 2,
            "sparkline": {
              "fillColor": "rgba(31, 118, 189, 0.18)",
              "full": false,
              "lineColor": "rgb(31, 120, 193)",
              "show": false
            },
            "targets": [
              {
                "dsType": "influxdb",
                "groupBy": [
                  {
                    "params": [
                      "$__interval"
                    ],
                    "type": "time"
                  },
                  {
                    "params": [
                      "null"
                    ],
                    "type": "fill"
                  }
                ],
                "policy": "default",
                "query": "select count(\"count\") from (SELECT count(value) FROM \"meter.hono.http.messages.processed.count\" where time \u003e now() - 11s group by host)",
                "rawQuery": true,
                "refId": "A",
                "resultFormat": "time_series",
                "select": [
                  [
                    {
                      "params": [
                        "value"
                      ],
                      "type": "field"
                    },
                    {
                      "params": [],
                      "type": "mean"
                    }
                  ]
                ],
                "tags": []
              }
            ],
            "thresholds": "",
            "title": "HTTP Adapter Instances",
            "type": "singlestat",
            "valueFontSize": "80%",
            "valueMaps": [
              {
                "op": "=",
                "text": "N/A",
                "value": "null"
              }
            ],
            "valueName": "avg"
          },
          {
            "cacheTimeout": null,
            "colorBackground": false,
            "colorValue": false,
            "colors": [
              "rgba(245, 54, 54, 0.9)",
              "rgba(237, 129, 40, 0.89)",
              "rgba(50, 172, 45, 0.97)"
            ],
            "datasource": "hono_data",
            "format": "none",
            "gauge": {
              "maxValue": 100,
              "minValue": 0,
              "show": false,
              "thresholdLabels": false,
              "thresholdMarkers": true
            },
            "id": 45,
            "interval": null,
            "links": [],
            "mappingType": 1,
            "mappingTypes": [
              {
                "name": "value to text",
                "value": 1
              },
              {
                "name": "range to text",
                "value": 2
              }
            ],
            "maxDataPoints": 100,
            "nullPointMode": "connected",
            "nullText": null,
            "postfix": "",
            "postfixFontSize": "50%",
            "prefix": "",
            "prefixFontSize": "50%",
            "rangeMaps": [
              {
                "from": "null",
                "text": "N/A",
                "to": "null"
              }
            ],
            "span": 2,
            "sparkline": {
              "fillColor": "rgba(31, 118, 189, 0.18)",
              "full": false,
              "lineColor": "rgb(31, 120, 193)",
              "show": false
            },
            "targets": [
              {
                "dsType": "influxdb",
                "groupBy": [
                  {
                    "params": [
                      "$__interval"
                    ],
                    "type": "time"
                  },
                  {
                    "params": [
                      "null"
                    ],
                    "type": "fill"
                  }
                ],
                "policy": "default",
                "query": "select sum(*) from ( select last(value) from \"meter.hono.http.messages.processed.m1_rate\" where tenant = '$TENANT' and type = 'telemetry' group by host ) where $timeFilter",
                "rawQuery": true,
                "refId": "A",
                "resultFormat": "time_series",
                "select": [
                  [
                    {
                      "params": [
                        "value"
                      ],
                      "type": "field"
                    },
                    {
                      "params": [],
                      "type": "mean"
                    }
                  ]
                ],
                "tags": []
              }
            ],
            "thresholds": "",
            "title": "Total Processed Telemetry Per Sec (Ø/min)",
            "type": "singlestat",
            "valueFontSize": "80%",
            "valueMaps": [
              {
                "op": "=",
                "text": "N/A",
                "value": "null"
              }
            ],
            "valueName": "avg"
          },
          {
            "cacheTimeout": null,
            "colorBackground": false,
            "colorValue": false,
            "colors": [
              "rgba(245, 54, 54, 0.9)",
              "rgba(237, 129, 40, 0.89)",
              "rgba(50, 172, 45, 0.97)"
            ],
            "datasource": "hono_data",
            "format": "none",
            "gauge": {
              "maxValue": 100,
              "minValue": 0,
              "show": false,
              "thresholdLabels": false,
              "thresholdMarkers": true
            },
            "id": 48,
            "interval": null,
            "links": [],
            "mappingType": 1,
            "mappingTypes": [
              {
                "name": "value to text",
                "value": 1
              },
              {
                "name": "range to text",
                "value": 2
              }
            ],
            "maxDataPoints": 100,
            "nullPointMode": "connected",
            "nullText": null,
            "postfix": "",
            "postfixFontSize": "50%",
            "prefix": "",
            "prefixFontSize": "50%",
            "rangeMaps": [
              {
                "from": "null",
                "text": "N/A",
                "to": "null"
              }
            ],
            "span": 2,
            "sparkline": {
              "fillColor": "rgba(31, 118, 189, 0.18)",
              "full": false,
              "lineColor": "rgb(31, 120, 193)",
              "show": false
            },
            "targets": [
              {
                "dsType": "influxdb",
                "groupBy": [
                  {
                    "params": [
                      "$__interval"
                    ],
                    "type": "time"
                  },
                  {
                    "params": [
                      "null"
                    ],
                    "type": "fill"
                  }
                ],
                "policy": "default",
                "query": "select sum(*) from ( select last(value) from \"meter.hono.http.messages.processed.m1_rate\" where tenant = '$TENANT' and type = 'event' group by host ) where $timeFilter",
                "rawQuery": true,
                "refId": "A",
                "resultFormat": "time_series",
                "select": [
                  [
                    {
                      "params": [
                        "value"
                      ],
                      "type": "field"
                    },
                    {
                      "params": [],
                      "type": "mean"
                    }
                  ]
                ],
                "tags": []
              }
            ],
            "thresholds": "",
            "title": "Total Processed Events Per Sec (Ø/min)",
            "type": "singlestat",
            "valueFontSize": "80%",
            "valueMaps": [
              {
                "op": "=",
                "text": "N/A",
                "value": "null"
              }
            ],
            "valueName": "avg"
          }
        ],
        "repeat": null,
        "repeatIteration": null,
        "repeatRowId": null,
        "showTitle": false,
        "title": "Dashboard Row",
        "titleSize": "h6"
      },
      {
        "collapse": false,
        "height": 355,
        "panels": [
          {
            "aliasColors": {},
            "bars": false,
            "datasource": "hono_data",
            "fill": 1,
            "id": 28,
            "interval": "\u003e5s",
            "legend": {
              "avg": false,
              "current": false,
              "max": false,
              "min": false,
              "show": true,
              "total": false,
              "values": false
            },
            "lines": true,
            "linewidth": 1,
            "links": [],
            "nullPointMode": "null",
            "percentage": false,
            "pointradius": 5,
            "points": false,
            "renderer": "flot",
            "seriesOverrides": [],
            "span": 6,
            "stack": false,
            "steppedLine": false,
            "targets": [
              {
                "alias": "",
                "dsType": "influxdb",
                "groupBy": [
                  {
                    "params": [
                      "$__interval"
                    ],
                    "type": "time"
                  },
                  {
                    "params": [
                      "null"
                    ],
                    "type": "fill"
                  }
                ],
                "hide": false,
                "measurement": "/meter.hono.server.messages.*.processed.m1_rate/",
                "policy": "default",
                "query": "SELECT mean(value) FROM \"meter.hono.mqtt.messages.processed.m1_rate\" WHERE $timeFilter and type = 'telemetry' and  tenant = '$TENANT' GROUP BY host, time($__interval) fill(null)",
                "rawQuery": true,
                "refId": "B",
                "resultFormat": "time_series",
                "select": [
                  [
                    {
                      "params": [
                        "value"
                      ],
                      "type": "field"
                    },
                    {
                      "params": [],
                      "type": "mean"
                    }
                  ]
                ],
                "tags": []
              }
            ],
            "thresholds": [],
            "timeFrom": null,
            "timeShift": null,
            "title": "Processed MQTT Telemetry Per Second (Ø/min)",
            "tooltip": {
              "shared": true,
              "sort": 0,
              "value_type": "individual"
            },
            "type": "graph",
            "xaxis": {
              "mode": "time",
              "name": null,
              "show": true,
              "values": []
            },
            "yaxes": [
              {
                "format": "short",
                "label": null,
                "logBase": 1,
                "max": null,
                "min": "0",
                "show": true
              },
              {
                "format": "short",
                "label": null,
                "logBase": 1,
                "max": null,
                "min": null,
                "show": true
              }
            ]
          },
          {
            "aliasColors": {},
            "bars": false,
            "datasource": "hono_data",
            "fill": 1,
            "id": 29,
            "interval": "\u003e5s",
            "legend": {
              "alignAsTable": false,
              "avg": false,
              "current": false,
              "max": false,
              "min": false,
              "show": true,
              "total": false,
              "values": false
            },
            "lines": true,
            "linewidth": 1,
            "links": [],
            "nullPointMode": "null",
            "percentage": false,
            "pointradius": 5,
            "points": false,
            "renderer": "flot",
            "seriesOverrides": [],
            "span": 6,
            "stack": false,
            "steppedLine": false,
            "targets": [
              {
                "alias": "",
                "dsType": "influxdb",
                "groupBy": [
                  {
                    "params": [
                      "$__interval"
                    ],
                    "type": "time"
                  },
                  {
                    "params": [
                      "null"
                    ],
                    "type": "fill"
                  }
                ],
                "hide": false,
                "measurement": "/meter.hono.server.messages.*.processed.m1_rate/",
                "policy": "default",
                "query": "SELECT mean(value) FROM \"meter.hono.http.messages.processed.m1_rate\" WHERE $timeFilter and type = 'telemetry' and  tenant = '$TENANT' GROUP BY host, time($__interval) fill(null)",
                "rawQuery": true,
                "refId": "B",
                "resultFormat": "time_series",
                "select": [
                  [
                    {
                      "params": [
                        "value"
                      ],
                      "type": "field"
                    },
                    {
                      "params": [],
                      "type": "mean"
                    }
                  ]
                ],
                "tags": []
              }
            ],
            "thresholds": [],
            "timeFrom": null,
            "timeShift": null,
            "title": "Processed HTTP Telemetry Per Second (Ø/min)",
            "tooltip": {
              "shared": true,
              "sort": 0,
              "value_type": "individual"
            },
            "type": "graph",
            "xaxis": {
              "mode": "time",
              "name": null,
              "show": true,
              "values": []
            },
            "yaxes": [
              {
                "format": "short",
                "label": null,
                "logBase": 1,
                "max": null,
                "min": "0",
                "show": true
              },
              {
                "format": "short",
                "label": null,
                "logBase": 1,
                "max": null,
                "min": null,
                "show": true
              }
            ]
          }
        ],
        "repeat": null,
        "repeatIteration": null,
        "repeatRowId": null,
        "showTitle": false,
        "title": "Dashboard Row",
        "titleSize": "h6"
      },
      {
        "collapse": false,
        "height": 337,
        "panels": [
          {
            "aliasColors": {},
            "bars": false,
            "datasource": "hono_data",
            "fill": 1,
            "id": 38,
            "interval": "\u003e5s",
            "legend": {
              "avg": false,
              "current": false,
              "max": false,
              "min": false,
              "show": true,
              "total": false,
              "values": false
            },
            "lines": true,
            "linewidth": 1,
            "links": [],
            "nullPointMode": "null",
            "percentage": false,
            "pointradius": 5,
            "points": false,
            "renderer": "flot",
            "seriesOverrides": [],
            "span": 6,
            "stack": false,
            "steppedLine": false,
            "targets": [
              {
                "alias": "",
                "dsType": "influxdb",
                "groupBy": [
                  {
                    "params": [
                      "$__interval"
                    ],
                    "type": "time"
                  },
                  {
                    "params": [
                      "null"
                    ],
                    "type": "fill"
                  }
                ],
                "hide": false,
                "measurement": "/meter.hono.server.messages.*.processed.m1_rate/",
                "policy": "default",
                "query": "SELECT mean(value) FROM \"meter.hono.mqtt.messages.processed.m1_rate\" WHERE $timeFilter and type = 'event' and  tenant = '$TENANT' GROUP BY host, time($__interval) fill(null)",
                "rawQuery": true,
                "refId": "B",
                "resultFormat": "time_series",
                "select": [
                  [
                    {
                      "params": [
                        "value"
                      ],
                      "type": "field"
                    },
                    {
                      "params": [],
                      "type": "mean"
                    }
                  ]
                ],
                "tags": []
              }
            ],
            "thresholds": [],
            "timeFrom": null,
            "timeShift": null,
            "title": "Processed MQTT Events Per Second (Ø/min)",
            "tooltip": {
              "shared": true,
              "sort": 0,
              "value_type": "individual"
            },
            "type": "graph",
            "xaxis": {
              "mode": "time",
              "name": null,
              "show": true,
              "values": []
            },
            "yaxes": [
              {
                "format": "short",
                "label": null,
                "logBase": 1,
                "max": null,
                "min": "0",
                "show": true
              },
              {
                "format": "short",
                "label": null,
                "logBase": 1,
                "max": null,
                "min": null,
                "show": true
              }
            ]
          },
          {
            "aliasColors": {},
            "bars": false,
            "datasource": "hono_data",
            "fill": 1,
            "id": 39,
            "interval": "\u003e5s",
            "legend": {
              "avg": false,
              "current": false,
              "max": false,
              "min": false,
              "show": true,
              "total": false,
              "values": false
            },
            "lines": true,
            "linewidth": 1,
            "links": [],
            "nullPointMode": "null",
            "percentage": false,
            "pointradius": 5,
            "points": false,
            "renderer": "flot",
            "seriesOverrides": [],
            "span": 6,
            "stack": false,
            "steppedLine": false,
            "targets": [
              {
                "alias": "1 Minute",
                "dsType": "influxdb",
                "groupBy": [
                  {
                    "params": [
                      "$__interval"
                    ],
                    "type": "time"
                  },
                  {
                    "params": [
                      "null"
                    ],
                    "type": "fill"
                  }
                ],
                "hide": false,
                "measurement": "/meter.hono.server.messages.*.processed.m1_rate/",
                "policy": "default",
                "query": "SELECT mean(value) FROM \"meter.hono.http.messages.processed.m1_rate\" WHERE $timeFilter and type = 'event' and  tenant = '$TENANT' GROUP BY host, time($__interval) fill(null)",
                "rawQuery": true,
                "refId": "B",
                "resultFormat": "time_series",
                "select": [
                  [
                    {
                      "params": [
                        "value"
                      ],
                      "type": "field"
                    },
                    {
                      "params": [],
                      "type": "mean"
                    }
                  ]
                ],
                "tags": []
              }
            ],
            "thresholds": [],
            "timeFrom": null,
            "timeShift": null,
            "title": "Processed HTTP Events Per Second (Ø/min)",
            "tooltip": {
              "shared": true,
              "sort": 0,
              "value_type": "individual"
            },
            "type": "graph",
            "xaxis": {
              "mode": "time",
              "name": null,
              "show": true,
              "values": []
            },
            "yaxes": [
              {
                "format": "short",
                "label": null,
                "logBase": 1,
                "max": null,
                "min": "0",
                "show": true
              },
              {
                "format": "short",
                "label": null,
                "logBase": 1,
                "max": null,
                "min": null,
                "show": true
              }
            ]
          }
        ],
        "repeat": null,
        "repeatIteration": null,
        "repeatRowId": null,
        "showTitle": false,
        "title": "Dashboard Row",
        "titleSize": "h6"
      },
      {
        "collapse": false,
        "height": -1734,
        "panels": [
          {
            "cacheTimeout": null,
            "colorBackground": false,
            "colorValue": false,
            "colors": [
              "rgba(245, 54, 54, 0.9)",
              "rgba(237, 129, 40, 0.89)",
              "rgba(50, 172, 45, 0.97)"
            ],
            "datasource": "hono_data",
            "format": "none",
            "gauge": {
              "maxValue": 100,
              "minValue": 0,
              "show": false,
              "thresholdLabels": false,
              "thresholdMarkers": true
            },
            "id": 30,
            "interval": null,
            "links": [],
            "mappingType": 1,
            "mappingTypes": [
              {
                "name": "value to text",
                "value": 1
              },
              {
                "name": "range to text",
                "value": 2
              }
            ],
            "maxDataPoints": 100,
            "nullPointMode": "connected",
            "nullText": null,
            "postfix": "",
            "postfixFontSize": "50%",
            "prefix": "",
            "prefixFontSize": "50%",
            "rangeMaps": [
              {
                "from": "null",
                "text": "N/A",
                "to": "null"
              }
            ],
            "span": 3,
            "sparkline": {
              "fillColor": "rgba(31, 118, 189, 0.18)",
              "full": false,
              "lineColor": "rgb(31, 120, 193)",
              "show": false
            },
            "targets": [
              {
                "dsType": "influxdb",
                "groupBy": [
                  {
                    "params": [
                      "$__interval"
                    ],
                    "type": "time"
                  },
                  {
                    "params": [
                      "null"
                    ],
                    "type": "fill"
                  }
                ],
                "policy": "default",
                "query": "select sum(*) from ( select last(value) from \"meter.hono.mqtt.messages.processed.count\" where tenant = '$TENANT' and type = 'telemetry' group by host ) where $timeFilter",
                "rawQuery": true,
                "refId": "A",
                "resultFormat": "time_series",
                "select": [
                  [
                    {
                      "params": [
                        "value"
                      ],
                      "type": "field"
                    },
                    {
                      "params": [],
                      "type": "mean"
                    }
                  ]
                ],
                "tags": []
              }
            ],
            "thresholds": "",
            "title": "MQTT Telemetry Processed",
            "type": "singlestat",
            "valueFontSize": "80%",
            "valueMaps": [
              {
                "op": "=",
                "text": "0",
                "value": "null"
              }
            ],
            "valueName": "avg"
          },
          {
            "cacheTimeout": null,
            "colorBackground": false,
            "colorValue": false,
            "colors": [
              "rgba(245, 54, 54, 0.9)",
              "rgba(237, 129, 40, 0.89)",
              "rgba(50, 172, 45, 0.97)"
            ],
            "datasource": "hono_data",
            "format": "none",
            "gauge": {
              "maxValue": 100,
              "minValue": 0,
              "show": false,
              "thresholdLabels": false,
              "thresholdMarkers": true
            },
            "id": 31,
            "interval": null,
            "links": [],
            "mappingType": 1,
            "mappingTypes": [
              {
                "name": "value to text",
                "value": 1
              },
              {
                "name": "range to text",
                "value": 2
              }
            ],
            "maxDataPoints": 100,
            "nullPointMode": "connected",
            "nullText": null,
            "postfix": "",
            "postfixFontSize": "50%",
            "prefix": "",
            "prefixFontSize": "50%",
            "rangeMaps": [
              {
                "from": "null",
                "text": "N/A",
                "to": "null"
              }
            ],
            "span": 3,
            "sparkline": {
              "fillColor": "rgba(31, 118, 189, 0.18)",
              "full": false,
              "lineColor": "rgb(31, 120, 193)",
              "show": false
            },
            "targets": [
              {
                "dsType": "influxdb",
                "groupBy": [
                  {
                    "params": [
                      "$__interval"
                    ],
                    "type": "time"
                  },
                  {
                    "params": [
                      "null"
                    ],
                    "type": "fill"
                  }
                ],
                "policy": "default",
                "query": "select sum(*) from ( select last(value) from \"counter.hono.mqtt.messages.undeliverable.count\" where tenant = '$TENANT' and type = 'telemetry' group by host ) where $timeFilter",
                "rawQuery": true,
                "refId": "A",
                "resultFormat": "time_series",
                "select": [
                  [
                    {
                      "params": [
                        "value"
                      ],
                      "type": "field"
                    },
                    {
                      "params": [],
                      "type": "mean"
                    }
                  ]
                ],
                "tags": []
              }
            ],
            "thresholds": "",
            "title": "MQTT Telemetry Undeliverable",
            "type": "singlestat",
            "valueFontSize": "80%",
            "valueMaps": [
              {
                "op": "=",
                "text": "0",
                "value": "null"
              }
            ],
            "valueName": "avg"
          },
          {
            "cacheTimeout": null,
            "colorBackground": false,
            "colorValue": false,
            "colors": [
              "rgba(245, 54, 54, 0.9)",
              "rgba(237, 129, 40, 0.89)",
              "rgba(50, 172, 45, 0.97)"
            ],
            "datasource": "hono_data",
            "format": "none",
            "gauge": {
              "maxValue": 100,
              "minValue": 0,
              "show": false,
              "thresholdLabels": false,
              "thresholdMarkers": true
            },
            "id": 34,
            "interval": null,
            "links": [],
            "mappingType": 1,
            "mappingTypes": [
              {
                "name": "value to text",
                "value": 1
              },
              {
                "name": "range to text",
                "value": 2
              }
            ],
            "maxDataPoints": 100,
            "nullPointMode": "connected",
            "nullText": null,
            "postfix": "",
            "postfixFontSize": "50%",
            "prefix": "",
            "prefixFontSize": "50%",
            "rangeMaps": [
              {
                "from": "null",
                "text": "N/A",
                "to": "null"
              }
            ],
            "span": 3,
            "sparkline": {
              "fillColor": "rgba(31, 118, 189, 0.18)",
              "full": false,
              "lineColor": "rgb(31, 120, 193)",
              "show": false
            },
            "targets": [
              {
                "dsType": "influxdb",
                "groupBy": [
                  {
                    "params": [
                      "$__interval"
                    ],
                    "type": "time"
                  },
                  {
                    "params": [
                      "null"
                    ],
                    "type": "fill"
                  }
                ],
                "policy": "default",
                "query": "select sum(*) from ( select last(value) from \"meter.hono.http.messages.processed.count\" where tenant = '$TENANT' and type = 'telemetry' group by host ) where $timeFilter",
                "rawQuery": true,
                "refId": "A",
                "resultFormat": "time_series",
                "select": [
                  [
                    {
                      "params": [
                        "value"
                      ],
                      "type": "field"
                    },
                    {
                      "params": [],
                      "type": "mean"
                    }
                  ]
                ],
                "tags": []
              }
            ],
            "thresholds": "",
            "title": "HTTP Telemetry Processed",
            "type": "singlestat",
            "valueFontSize": "80%",
            "valueMaps": [
              {
                "op": "=",
                "text": "0",
                "value": "null"
              }
            ],
            "valueName": "avg"
          },
          {
            "cacheTimeout": null,
            "colorBackground": false,
            "colorValue": false,
            "colors": [
              "rgba(245, 54, 54, 0.9)",
              "rgba(237, 129, 40, 0.89)",
              "rgba(50, 172, 45, 0.97)"
            ],
            "datasource": "hono_data",
            "format": "none",
            "gauge": {
              "maxValue": 100,
              "minValue": 0,
              "show": false,
              "thresholdLabels": false,
              "thresholdMarkers": true
            },
            "id": 35,
            "interval": null,
            "links": [],
            "mappingType": 1,
            "mappingTypes": [
              {
                "name": "value to text",
                "value": 1
              },
              {
                "name": "range to text",
                "value": 2
              }
            ],
            "maxDataPoints": 100,
            "nullPointMode": "connected",
            "nullText": null,
            "postfix": "",
            "postfixFontSize": "50%",
            "prefix": "",
            "prefixFontSize": "50%",
            "rangeMaps": [
              {
                "from": "null",
                "text": "N/A",
                "to": "null"
              }
            ],
            "span": 3,
            "sparkline": {
              "fillColor": "rgba(31, 118, 189, 0.18)",
              "full": false,
              "lineColor": "rgb(31, 120, 193)",
              "show": false
            },
            "targets": [
              {
                "dsType": "influxdb",
                "groupBy": [
                  {
                    "params": [
                      "$__interval"
                    ],
                    "type": "time"
                  },
                  {
                    "params": [
                      "null"
                    ],
                    "type": "fill"
                  }
                ],
                "policy": "default",
                "query": "select sum(*) from ( select last(value) from \"counter.hono.http.messages.undeliverable.count\" where tenant = '$TENANT' and type = 'telemetry' group by host ) where $timeFilter",
                "rawQuery": true,
                "refId": "A",
                "resultFormat": "time_series",
                "select": [
                  [
                    {
                      "params": [
                        "value"
                      ],
                      "type": "field"
                    },
                    {
                      "params": [],
                      "type": "mean"
                    }
                  ]
                ],
                "tags": []
              }
            ],
            "thresholds": "",
            "title": "HTTP Telemetry Undeliverable",
            "type": "singlestat",
            "valueFontSize": "80%",
            "valueMaps": [
              {
                "op": "=",
                "text": "0",
                "value": "null"
              }
            ],
            "valueName": "avg"
          }
        ],
        "repeat": null,
        "repeatIteration": null,
        "repeatRowId": null,
        "showTitle": false,
        "title": "Dashboard Row",
        "titleSize": "h6"
      },
      {
        "collapse": false,
        "height": 59,
        "panels": [
          {
            "cacheTimeout": null,
            "colorBackground": false,
            "colorValue": false,
            "colors": [
              "rgba(245, 54, 54, 0.9)",
              "rgba(237, 129, 40, 0.89)",
              "rgba(50, 172, 45, 0.97)"
            ],
            "datasource": "hono_data",
            "format": "none",
            "gauge": {
              "maxValue": 100,
              "minValue": 0,
              "show": false,
              "thresholdLabels": false,
              "thresholdMarkers": true
            },
            "id": 32,
            "interval": null,
            "links": [],
            "mappingType": 1,
            "mappingTypes": [
              {
                "name": "value to text",
                "value": 1
              },
              {
                "name": "range to text",
                "value": 2
              }
            ],
            "maxDataPoints": 100,
            "nullPointMode": "connected",
            "nullText": null,
            "postfix": "",
            "postfixFontSize": "50%",
            "prefix": "",
            "prefixFontSize": "50%",
            "rangeMaps": [
              {
                "from": "null",
                "text": "N/A",
                "to": "null"
              }
            ],
            "span": 3,
            "sparkline": {
              "fillColor": "rgba(31, 118, 189, 0.18)",
              "full": false,
              "lineColor": "rgb(31, 120, 193)",
              "show": false
            },
            "targets": [
              {
                "dsType": "influxdb",
                "groupBy": [
                  {
                    "params": [
                      "$__interval"
                    ],
                    "type": "time"
                  },
                  {
                    "params": [
                      "null"
                    ],
                    "type": "fill"
                  }
                ],
                "policy": "default",
                "query": "select sum(*) from ( select last(value) from \"meter.hono.mqtt.messages.processed.count\" where tenant = '$TENANT' and type = 'event' group by host ) where $timeFilter",
                "rawQuery": true,
                "refId": "A",
                "resultFormat": "time_series",
                "select": [
                  [
                    {
                      "params": [
                        "value"
                      ],
                      "type": "field"
                    },
                    {
                      "params": [],
                      "type": "mean"
                    }
                  ]
                ],
                "tags": []
              }
            ],
            "thresholds": "",
            "title": "MQTT Events Processed",
            "type": "singlestat",
            "valueFontSize": "80%",
            "valueMaps": [
              {
                "op": "=",
                "text": "0",
                "value": "null"
              }
            ],
            "valueName": "avg"
          },
          {
            "cacheTimeout": null,
            "colorBackground": false,
            "colorValue": false,
            "colors": [
              "rgba(245, 54, 54, 0.9)",
              "rgba(237, 129, 40, 0.89)",
              "rgba(50, 172, 45, 0.97)"
            ],
            "datasource": "hono_data",
            "format": "none",
            "gauge": {
              "maxValue": 100,
              "minValue": 0,
              "show": false,
              "thresholdLabels": false,
              "thresholdMarkers": true
            },
            "id": 33,
            "interval": null,
            "links": [],
            "mappingType": 1,
            "mappingTypes": [
              {
                "name": "value to text",
                "value": 1
              },
              {
                "name": "range to text",
                "value": 2
              }
            ],
            "maxDataPoints": 100,
            "nullPointMode": "connected",
            "nullText": null,
            "postfix": "",
            "postfixFontSize": "50%",
            "prefix": "",
            "prefixFontSize": "50%",
            "rangeMaps": [
              {
                "from": "null",
                "text": "N/A",
                "to": "null"
              }
            ],
            "span": 3,
            "sparkline": {
              "fillColor": "rgba(31, 118, 189, 0.18)",
              "full": false,
              "lineColor": "rgb(31, 120, 193)",
              "show": false
            },
            "targets": [
              {
                "dsType": "influxdb",
                "groupBy": [
                  {
                    "params": [
                      "$__interval"
                    ],
                    "type": "time"
                  },
                  {
                    "params": [
                      "null"
                    ],
                    "type": "fill"
                  }
                ],
                "policy": "default",
                "query": "select sum(*) from ( select last(value) from \"counter.hono.mqtt.messages.undeliverable.count\" where tenant = '$TENANT' and type = 'event' group by host ) where $timeFilter",
                "rawQuery": true,
                "refId": "A",
                "resultFormat": "time_series",
                "select": [
                  [
                    {
                      "params": [
                        "value"
                      ],
                      "type": "field"
                    },
                    {
                      "params": [],
                      "type": "mean"
                    }
                  ]
                ],
                "tags": []
              }
            ],
            "thresholds": "",
            "title": "MQTT Events Undeliverable",
            "type": "singlestat",
            "valueFontSize": "80%",
            "valueMaps": [
              {
                "op": "=",
                "text": "0",
                "value": "null"
              }
            ],
            "valueName": "avg"
          },
          {
            "cacheTimeout": null,
            "colorBackground": false,
            "colorValue": false,
            "colors": [
              "rgba(245, 54, 54, 0.9)",
              "rgba(237, 129, 40, 0.89)",
              "rgba(50, 172, 45, 0.97)"
            ],
            "datasource": "hono_data",
            "format": "none",
            "gauge": {
              "maxValue": 100,
              "minValue": 0,
              "show": false,
              "thresholdLabels": false,
              "thresholdMarkers": true
            },
            "id": 36,
            "interval": null,
            "links": [],
            "mappingType": 1,
            "mappingTypes": [
              {
                "name": "value to text",
                "value": 1
              },
              {
                "name": "range to text",
                "value": 2
              }
            ],
            "maxDataPoints": 100,
            "nullPointMode": "connected",
            "nullText": null,
            "postfix": "",
            "postfixFontSize": "50%",
            "prefix": "",
            "prefixFontSize": "50%",
            "rangeMaps": [
              {
                "from": "null",
                "text": "N/A",
                "to": "null"
              }
            ],
            "span": 3,
            "sparkline": {
              "fillColor": "rgba(31, 118, 189, 0.18)",
              "full": false,
              "lineColor": "rgb(31, 120, 193)",
              "show": false
            },
            "targets": [
              {
                "dsType": "influxdb",
                "groupBy": [
                  {
                    "params": [
                      "$__interval"
                    ],
                    "type": "time"
                  },
                  {
                    "params": [
                      "null"
                    ],
                    "type": "fill"
                  }
                ],
                "policy": "default",
                "query": "select sum(*) from ( select last(value) from \"meter.hono.http.messages.processed.count\" where tenant = '$TENANT' and type = 'event' group by host ) where $timeFilter",
                "rawQuery": true,
                "refId": "A",
                "resultFormat": "time_series",
                "select": [
                  [
                    {
                      "params": [
                        "value"
                      ],
                      "type": "field"
                    },
                    {
                      "params": [],
                      "type": "mean"
                    }
                  ]
                ],
                "tags": []
              }
            ],
            "thresholds": "",
            "title": "HTTP Events Processed",
            "type": "singlestat",
            "valueFontSize": "80%",
            "valueMaps": [
              {
                "op": "=",
                "text": "0",
                "value": "null"
              }
            ],
            "valueName": "avg"
          },
          {
            "cacheTimeout": null,
            "colorBackground": false,
            "colorValue": false,
            "colors": [
              "rgba(245, 54, 54, 0.9)",
              "rgba(237, 129, 40, 0.89)",
              "rgba(50, 172, 45, 0.97)"
            ],
            "datasource": "hono_data",
            "format": "none",
            "gauge": {
              "maxValue": 100,
              "minValue": 0,
              "show": false,
              "thresholdLabels": false,
              "thresholdMarkers": true
            },
            "id": 37,
            "interval": null,
            "links": [],
            "mappingType": 1,
            "mappingTypes": [
              {
                "name": "value to text",
                "value": 1
              },
              {
                "name": "range to text",
                "value": 2
              }
            ],
            "maxDataPoints": 100,
            "nullPointMode": "connected",
            "nullText": null,
            "postfix": "",
            "postfixFontSize": "50%",
            "prefix": "",
            "prefixFontSize": "50%",
            "rangeMaps": [
              {
                "from": "null",
                "text": "N/A",
                "to": "null"
              }
            ],
            "span": 3,
            "sparkline": {
              "fillColor": "rgba(31, 118, 189, 0.18)",
              "full": false,
              "lineColor": "rgb(31, 120, 193)",
              "show": false
            },
            "targets": [
              {
                "dsType": "influxdb",
                "groupBy": [
                  {
                    "params": [
                      "$__interval"
                    ],
                    "type": "time"
                  },
                  {
                    "params": [
                      "null"
                    ],
                    "type": "fill"
                  }
                ],
                "policy": "default",
                "query": "select sum(*) from ( select last(value) from \"counter.hono.http.messages.undeliverable.count\" where tenant = '$TENANT' and type = 'event' group by host ) where $timeFilter",
                "rawQuery": true,
                "refId": "A",
                "resultFormat": "time_series",
                "select": [
                  [
                    {
                      "params": [
                        "value"
                      ],
                      "type": "field"
                    },
                    {
                      "params": [],
                      "type": "mean"
                    }
                  ]
                ],
                "tags": []
              }
            ],
            "thresholds": "",
            "title": "HTTP Events Undeliverable",
            "type": "singlestat",
            "valueFontSize": "80%",
            "valueMaps": [
              {
                "op": "=",
                "text": "0",
                "value": "null"
              }
            ],
            "valueName": "avg"
          }
        ],
        "repeat": null,
        "repeatIteration": null,
        "repeatRowId": null,
        "showTitle": false,
        "title": "Dashboard Row",
        "titleSize": "h6"
      }
    ],
    "schemaVersion": 14,
    "style": "dark",
    "tags": [],
    "templating": {
      "list": [
        {
          "allValue": null,
          "current": {
            "text": "DEFAULT_TENANT",
            "value": "DEFAULT_TENANT"
          },
          "datasource": "hono_data",
          "hide": 0,
          "includeAll": false,
          "label": "Tenant",
          "multi": false,
          "name": "TENANT",
          "options": [],
          "query": "SHOW TAG VALUES FROM \"meter.hono.messaging.messages.processed.count\" WITH KEY = \"tenant\"",
          "refresh": 1,
          "regex": "",
          "sort": 0,
          "tagValuesQuery": "",
          "tags": [],
          "tagsQuery": "",
          "type": "query",
          "useTags": false
        }
      ]
    },
    "time": {
      "from": "now-5m",
      "to": "now"
    },
    "timepicker": {
      "refresh_intervals": [
        "5s",
        "10s",
        "30s",
        "1m",
        "5m",
        "15m",
        "30m",
        "1h",
        "2h",
        "1d"
      ],
      "time_options": [
        "5m",
        "15m",
        "1h",
        "6h",
        "12h",
        "24h",
        "2d",
        "7d",
        "30d"
      ]
    },
    "timezone": "browser",
    "title": "Hono",
    "version": 8
  }
}