[
  {
    "tenant-id": "DEFAULT_TENANT",
    "trusted-ca": [
      {
        "subject-dn": "CN=DEFAULT_TENANT_CA,OU=Hono,O=Eclipse IoT,L=Ottawa,C=CA",
        "public-key": "MFkwEwYHKoZIzj0CAQYIKoZIzj0DAQcDQgAElkwCSPlO563eQb6ONdULAISm2XngGGSoAAz+I1s8zkS9guPUpNKoxeczLtKlObelHqBgIZtRXdrPRgXidGOnmQ==",
        "algorithm": "EC",
        "not-before": "2019-09-18T10:35:40+02:00",
        "not-after": "2020-09-17T10:35:40+02:00"
      }
    ],
    "enabled": true
  },
  {
    "tenant-id": "HTTP_TENANT",
    "enabled": true,
    "adapters": [
      {
        "type": "hono-http",
        "enabled": true,
        "device-authentication-required": true
      },
      {
        "type": "hono-mqtt",
        "enabled": false,
        "device-authentication-required": true
      },
      {
        "type": "hono-kura",
        "enabled": false,
        "device-authentication-required": true
      },
      {
        "type": "hono-coap",
        "enabled": false,
        "device-authentication-required": true
      }
    ]
  }
]
