[
  {
    "tenant": "DEFAULT_TENANT",
    "credentials": [
      {
        "device-id": "4711",
        "type": "hashed-password",
        "auth-id": "sensor1",
        "enabled": true,
        "secrets": [
          {
            "not-before": "2017-05-01T14:00:00+01:00",
            "not-after": "2037-06-01T14:00:00+01:00",
            "hash-function": "bcrypt",
            "comment": "pwd: hono-secret",
            "pwd-hash": "$2a$10$N7UMjhZ2hYx.yuvW9WVXZ.4y33mr6MvnpAsZ8wgLHnkamH2tZ1jD."
          }
        ]
      },
      {
        "device-id": "gw-1",
        "type": "hashed-password",
        "auth-id": "gw",
        "enabled": true,
        "secrets": [
          {
            "not-before": "2018-01-01T00:00:00+01:00",
            "not-after": "2037-06-01T14:00:00+01:00",
            "hash-function": "bcrypt",
            "comment": "pwd: gw-secret",
            "pwd-hash": "$2a$10$GMcN0iV9gJV7L1sH6J82Xebc1C7CGJ..Rbs./vcTuTuxPEgS9DOa6"
          }
        ]
      },
      {
        "device-id" : "4711",
        "type" : "psk",
        "auth-id" : "sensor1",
        "enabled" : true,
        "secrets" : [
          {
            "not-before": "2018-01-01T00:00:00+01:00",
            "not-after": "2037-06-01T14:00:00+01:00",
            "comment": "coap preshared key: coap-secret",
            "key" : "Y29hcC1zZWNyZXQ="
          }
        ]
      },
      {
        "device-id": "4711",
        "type": "x509-cert",
        "auth-id": "CN=Device 4711,OU=Hono,O=Eclipse IoT,L=Ottawa,C=CA",
        "enabled": true,
        "secrets": [
          {
            "comment": "The secrets array must contain an object, which can be empty."
          }
        ]
      }
    ]
  }
]
