{
  "roles": {
    "protocol-adapter": [
      {
        "resource": "telemetry/*",
        "activities": [ "WRITE" ]
      },
      {
        "resource": "event/*",
        "activities": [ "WRITE" ]
      },
      {
        "resource": "registration/*",
        "activities": [ "READ", "WRITE" ]
      },
      {
        "operation": "registration/*:assert",
        "activities": [ "EXECUTE" ]
      },
      {
        "operation": "registration/*:get",
        "activities": [ "EXECUTE" ]
      },
      {
        "resource": "credentials/*",
        "activities": [ "READ", "WRITE" ]
      },
      {
        "operation": "credentials/*:get",
        "activities": [ "EXECUTE" ]
      },
      {
        "resource": "tenant",
        "activities": [ "READ", "WRITE" ]
      },
      {
        "operation": "tenant/*:*",
        "activities": [ "EXECUTE" ]
      },
      {
        "resource": "device_con/*",
        "activities": [ "READ", "WRITE" ]
      },
      {
        "operation": "device_con/*:*",
        "activities": [ "EXECUTE" ]
      }
    ],
    "device-manager": [
      {
        "resource": "registration/*",
        "activities": [ "READ", "WRITE" ]
      },
      {
        "operation": "registration/*:*",
        "activities": [ "EXECUTE" ]
      }
    ],
    "application": [
      {
        "resource": "telemetry/*",
        "activities": [ "READ" ]
      },
      {
        "resource": "event/*",
        "activities": [ "READ" ]
      },
      {
        "resource": "control/*",
        "activities": [ "READ", "WRITE" ]
      },
      {
        "resource": "command/*",
        "activities": [ "WRITE" ]
      },
      {
        "resource": "command_response/*",
        "activities": [ "READ" ]
      }
    ]
  },
  "users": {
    "coap-adapter@HONO": {
      "mechanism": "PLAIN",
      "password": "coap-secret",
      "authorities": [ "hono-component", "protocol-adapter" ]
    },
    "http-adapter@HONO": {
      "mechanism": "PLAIN",
      "password": "http-secret",
      "authorities": [ "hono-component", "protocol-adapter" ]
    },
    "lora-adapter@HONO": {
      "mechanism": "PLAIN",
      "password": "lora-secret",
      "authorities": [ "hono-component", "protocol-adapter" ]
    },
    "mqtt-adapter@HONO": {
      "mechanism": "PLAIN",
      "password": "mqtt-secret",
      "authorities": [ "hono-component", "protocol-adapter" ]
    },
    "amqp-adapter@HONO": {
      "mechanism": "PLAIN",
      "password": "amqp-secret",
      "authorities": [ "hono-component", "protocol-adapter" ]
    },
    "kura-adapter@HONO": {
      "mechanism": "PLAIN",
      "password": "kura-secret",
      "authorities": [ "hono-component", "protocol-adapter" ]
    },
    "hono-client@HONO": {
      "mechanism": "PLAIN",
      "password": "secret",
      "authorities": [ "protocol-adapter", "device-manager" ]
    },
    "device-registry": {
      "mechanism": "EXTERNAL",
      "authorities": []
    },
    "consumer@HONO": {
      "mechanism": "PLAIN",
      "password": "verysecret",
      "authorities": [ "application" ]
    }
  }
}
